Case ID,# Mutations,# Genes
TCGA-AN-A0FY,79,77
TCGA-LD-A7W5,81,77
TCGA-C8-A1HK,78,75
TCGA-A2-A25D,74,74
TCGA-S3-A6ZG,76,74
TCGA-E9-A1R2,76,72
TCGA-A8-A07I,77,72
TCGA-BH-A0C7,75,72
TCGA-D8-A143,71,70
TCGA-AR-A1AV,66,66
TCGA-BH-A0B3,66,64
TCGA-A8-A09B,65,64
TCGA-E2-A1IG,71,63
TCGA-A8-A08X,64,63
TCGA-3C-AAAU,64,61
TCGA-E9-A1RC,62,61
TCGA-A7-A26F,62,61
TCGA-OL-A66K,60,60
TCGA-C8-A130,59,58
TCGA-GM-A2DF,59,58
TCGA-BH-A0HU,59,57
TCGA-A7-A13E,59,56
TCGA-BH-A0B9,60,55
TCGA-AR-A1AQ,55,55
TCGA-A2-A0D4,55,55
TCGA-A7-A3RF,56,55
TCGA-A8-A08J,54,54
TCGA-E2-A14T,55,53
TCGA-A8-A0AB,61,53
TCGA-AC-A3OD,52,52
TCGA-BH-A1FD,56,52
TCGA-AC-A2QH,54,51
TCGA-EW-A1IX,53,51
TCGA-BH-A0DD,54,50
TCGA-A2-A0YE,51,49
TCGA-AN-A0XO,50,49
TCGA-A2-A3XU,48,48
TCGA-GM-A5PX,47,47
TCGA-C8-A1HO,55,47
TCGA-E9-A1N8,48,46
TCGA-E2-A14X,48,46
TCGA-E9-A1RB,46,46
TCGA-A8-A09V,48,45
TCGA-E2-A15I,45,45
TCGA-E2-A1IL,45,45
TCGA-C8-A1HF,46,45
TCGA-A8-A08O,44,44
TCGA-D8-A27R,45,44
TCGA-AQ-A1H2,43,43
TCGA-AR-A2LL,43,42
TCGA-A2-A0T4,47,41
TCGA-AC-A7VC,42,40
TCGA-A7-A13G,39,38
TCGA-BH-A0HI,37,37
TCGA-D8-A1XR,36,36
TCGA-E2-A1IE,39,36
TCGA-E9-A22H,36,35
TCGA-BH-A202,36,35
TCGA-E2-A156,35,32
TCGA-BH-A1EW,26,26
TCGA-AO-A0JG,21,21
TCGA-JL-A3YW,0,0
TCGA-A8-A07R,0,0
TCGA-B6-A400,0,0
TCGA-AQ-A04L,0,0
TCGA-LQ-A4E4,0,0
TCGA-A8-A07C,0,0
TCGA-B6-A0IQ,0,0
TCGA-A7-A0DC,0,0
TCGA-AC-A2FM,0,0
TCGA-A8-A08I,0,0
TCGA-E2-A109,0,0
TCGA-AO-A126,0,0
TCGA-BH-A0E6,0,0
TCGA-AO-A1KQ,0,0
TCGA-D8-A27H,0,0
TCGA-B6-A0IG,0,0
TCGA-MS-A51U,0,0
TCGA-A2-A3XS,0,0
TCGA-AN-A046,"7,948","5,511"
TCGA-AC-A23H,"6,711","4,938"
TCGA-D8-A1XQ,"1,274","1,188"
TCGA-D8-A1JA,"1,244","1,124"
TCGA-C8-A26Y,958,887
TCGA-AR-A0TU,684,533
TCGA-A1-A0SO,443,428
TCGA-D8-A27V,342,333
TCGA-A8-A06X,344,327
TCGA-A8-A08L,314,303
TCGA-OL-A5RW,292,285
TCGA-A2-A3Y0,285,277
TCGA-BH-A18V,280,275
TCGA-A1-A0SI,274,262
TCGA-BH-A0W7,267,259
TCGA-LL-A8F5,265,254
TCGA-E2-A1LH,249,243
TCGA-A7-A6VX,253,240
TCGA-S3-AA10,234,230
TCGA-AN-A0FX,239,226
TCGA-A8-A095,237,224
TCGA-B6-A0RE,229,220
TCGA-D8-A147,223,219
TCGA-BH-A0AW,219,218
TCGA-A8-A09M,216,210
TCGA-A7-A0DA,212,204
TCGA-BH-A1F8,207,202
TCGA-A2-A04P,205,199
TCGA-AO-A124,213,197
TCGA-BH-A0EE,209,194
TCGA-E2-A159,210,194
TCGA-C8-A27B,201,191
TCGA-A7-A0CE,200,190
TCGA-AR-A24H,199,189
TCGA-S3-AA17,190,185
TCGA-C8-A12K,191,185
TCGA-PE-A5DC,189,182
TCGA-AN-A0AR,186,181
TCGA-A8-A08F,189,178
TCGA-E2-A14R,184,176
TCGA-PL-A8LV,176,173
TCGA-AN-A0XU,175,172
TCGA-BH-A1FN,169,164
TCGA-D8-A1JP,162,157
TCGA-D8-A1JL,158,155
TCGA-C8-A1HJ,159,153
TCGA-C8-A275,155,152
TCGA-PL-A8LZ,154,151
TCGA-E9-A5FL,155,149
TCGA-A8-A097,157,149
TCGA-AC-A2BK,150,146
TCGA-A2-A04T,140,139
TCGA-BH-A1FC,145,138
TCGA-E9-A1NA,139,135
TCGA-AN-A04D,140,135
TCGA-E2-A14V,139,134
TCGA-E9-A22G,139,134
TCGA-A2-A0D2,135,134
TCGA-C8-A134,137,133
TCGA-AQ-A04J,138,131
TCGA-E2-A1LA,136,131
TCGA-D8-A1XL,136,130
TCGA-BH-A5IZ,133,127
TCGA-BH-A0BW,131,126
TCGA-BH-A0B1,129,126
TCGA-BH-A18Q,129,125
TCGA-AN-A0AL,129,123
TCGA-D8-A13Z,128,123
TCGA-LL-A5YP,124,122
TCGA-A8-A09W,126,121
TCGA-D8-A1XJ,121,116
TCGA-B6-A0I9,119,114
TCGA-A2-A04R,118,112
TCGA-BH-A8FZ,115,111
TCGA-BH-A5J0,115,111
TCGA-E2-A158,112,110
TCGA-A7-A6VW,111,110
TCGA-HN-A2NL,114,110
TCGA-BH-A0B8,110,108
TCGA-EW-A1PD,112,107
TCGA-S3-AA0Z,104,103
TCGA-D8-A1XZ,108,102
TCGA-B6-A0IB,101,101
TCGA-AR-A0TP,97,97
TCGA-E2-A1IH,99,96
TCGA-A1-A0SK,100,96
TCGA-EW-A1P4,96,96
TCGA-E9-A3HO,96,93
TCGA-B6-A0RG,95,92
TCGA-BH-A0B0,93,92
TCGA-BH-A1F0,95,91
TCGA-BH-A0HY,93,91
TCGA-A8-A0A4,92,90
TCGA-E2-A573,89,88
TCGA-D8-A27F,90,88
TCGA-AR-A2LR,90,87
TCGA-A7-A6VV,87,86
TCGA-AR-A1AY,83,81
TCGA-B6-A40B,80,80
TCGA-BH-A0BL,80,77
