Case ID,Gender,# Mutations,# Genes
TCGA-E2-A1IO,Female,20,20
TCGA-EW-A3U0,Female,0,0
TCGA-AC-A2QJ,Female,0,0
TCGA-AQ-A54N,Female,0,0
TCGA-BH-A18H,Female,62,61
TCGA-EW-A1PA,Female,61,61
TCGA-A7-A26F,Female,62,61
TCGA-D8-A1JF,Female,61,60
TCGA-GM-A2DL,Female,60,60
TCGA-BH-A1F6,Female,63,60
TCGA-AN-A0AS,Female,59,59
TCGA-AR-A1AJ,Female,59,58
TCGA-A8-A090,Female,59,58
TCGA-C8-A130,Female,59,58
TCGA-EW-A1P8,Female,59,58
TCGA-GM-A2DF,Female,59,58
TCGA-BH-A1EY,Female,61,58
TCGA-C8-A12V,Female,57,57
TCGA-BH-A0E0,Female,59,57
TCGA-C8-A138,Female,60,57
TCGA-C8-A278,Female,57,56
TCGA-A7-A13E,Female,59,56
TCGA-AN-A0G0,Female,56,56
TCGA-A2-A0T2,Female,56,56
TCGA-A7-A26J,Female,55,55
TCGA-E2-A14Y,Female,56,55
TCGA-BH-A0RX,Female,56,55
TCGA-BH-A0B9,Female,60,55
TCGA-AR-A1AQ,Female,55,55
TCGA-A2-A1G1,Female,59,54
TCGA-A8-A0A6,Female,54,53
TCGA-AR-A0U3,Female,54,53
TCGA-E2-A1B6,Female,55,53
TCGA-A7-A26I,Female,54,53
TCGA-A2-A0SX,Female,54,53
TCGA-C8-A12Y,Female,53,52
TCGA-A2-A0SV,Female,52,52
TCGA-AC-A3OD,Female,52,52
TCGA-BH-A1FD,Female,56,52
TCGA-AN-A049,Female,53,52
TCGA-E9-A1N5,Female,55,51
TCGA-AC-A2QH,Female,54,51
TCGA-E9-A1RG,Female,52,51
TCGA-A2-A0YL,Female,52,50
TCGA-BH-A0DD,Male,54,50
TCGA-BH-A0BT,Female,52,50
TCGA-AO-A12F,Female,50,49
TCGA-B6-A0RH,Female,52,49
TCGA-AR-A1AP,Female,49,49
TCGA-A2-A0YE,Female,51,49
TCGA-AR-A1AW,Female,49,49
TCGA-AR-A1AS,Female,48,48
TCGA-AR-A5QP,Female,48,48
TCGA-AO-A03L,Female,51,48
TCGA-A2-A0T3,Female,48,47
TCGA-BH-A0B7,Female,49,47
TCGA-D8-A1XT,Female,49,47
TCGA-E2-A1BC,Female,48,47
TCGA-C8-A12O,Female,48,47
TCGA-BH-A0BG,Female,47,47
TCGA-OL-A6VO,Female,50,47
TCGA-B6-A0WX,Female,49,47
TCGA-E9-A1N8,Female,48,46
TCGA-A2-A0SU,Female,47,46
TCGA-E2-A14X,Female,48,46
TCGA-E9-A1RB,Female,46,46
TCGA-AR-A24U,Female,49,46
TCGA-BH-A0BC,Female,47,45
TCGA-C8-A1HF,Female,46,45
TCGA-AR-A254,Female,51,45
TCGA-E2-A15E,Female,49,44
TCGA-A2-A0EN,Female,45,44
TCGA-E2-A1B4,Female,46,44
TCGA-C8-A27A,Female,44,43
TCGA-E9-A1R0,Female,43,43
TCGA-EW-A6S9,Female,43,42
TCGA-BH-A0BF,Female,42,42
TCGA-C8-A1HL,Female,42,40
TCGA-AC-A7VC,Female,42,40
TCGA-A1-A0SJ,Female,40,39
TCGA-E2-A1II,Female,39,39
TCGA-AR-A24K,Female,39,39
TCGA-E9-A6HE,Female,43,38
TCGA-AR-A1AX,Female,37,37
TCGA-AR-A1AN,Female,36,36
TCGA-A2-A0T1,Female,36,36
TCGA-B6-A401,Female,36,36
TCGA-D8-A1XA,Female,35,35
TCGA-A2-A0YC,Female,35,35
TCGA-BH-A202,Female,36,35
TCGA-AR-A24P,Female,34,34
TCGA-E9-A248,Female,34,32
TCGA-D8-A1XS,Male,33,32
TCGA-EW-A1P1,Female,31,31
TCGA-AR-A24T,Female,31,31
TCGA-BH-A0AU,Female,30,30
TCGA-HN-A2OB,Female,30,30
TCGA-BH-A1FE,Female,28,28
TCGA-A2-A0ST,Female,28,28
TCGA-OL-A5RY,Female,25,25
TCGA-AN-A0XT,Female,23,23
TCGA-BH-A0C3,Female,23,22
TCGA-BH-A1ES,Female,22,22
TCGA-AO-A0JG,Female,21,21
TCGA-C8-A135,Female,98,96
TCGA-E9-A243,Female,99,94
TCGA-D8-A27M,Female,96,94
TCGA-OL-A5D7,Female,94,93
TCGA-E9-A3HO,Female,96,93
TCGA-D8-A13Y,Female,95,93
TCGA-BH-A208,Female,98,93
TCGA-BH-A0B0,Female,93,92
TCGA-A8-A07P,Female,94,92
TCGA-E2-A155,Female,95,92
TCGA-AO-A1KR,Female,94,92
TCGA-C8-A132,Female,96,92
TCGA-BH-A1F0,Female,95,91
TCGA-BH-A0HY,Female,93,91
TCGA-BH-A0AZ,Female,93,89
TCGA-C8-A26X,Female,90,88
TCGA-E2-A573,Female,89,88
TCGA-D8-A27F,Female,90,88
TCGA-EW-A6SD,Female,90,88
TCGA-AR-A0TV,Female,89,87
TCGA-AR-A2LR,Female,90,87
TCGA-A8-A09X,Female,90,87
TCGA-E2-A150,Female,90,87
TCGA-A7-A6VV,Female,87,86
TCGA-EW-A1OZ,Female,91,86
TCGA-AC-A6IX,Female,86,84
TCGA-BH-A0GY,Female,86,83
TCGA-A2-A0YT,Female,92,83
TCGA-B6-A1KN,Female,84,82
TCGA-E9-A226,Female,82,82
TCGA-EW-A1OY,Female,89,82
TCGA-A7-A4SD,Female,82,82
TCGA-AR-A1AY,Female,83,81
TCGA-B6-A0I2,Female,87,81
TCGA-GM-A2DI,Female,84,81
TCGA-B6-A1KF,Female,84,80
TCGA-GM-A2DD,Female,81,80
TCGA-E2-A1L7,Female,85,80
TCGA-AO-A12D,Female,81,79
TCGA-A2-A0CW,Female,90,79
TCGA-C8-A131,Female,81,79
TCGA-BH-A0BR,Female,79,79
TCGA-C8-A12W,Female,80,78
TCGA-A7-A26G,Female,80,78
TCGA-C8-A1HG,Female,80,78
TCGA-BH-A0BL,Female,80,77
TCGA-AN-A0FY,Female,79,77
TCGA-A2-A0SW,Female,81,77
TCGA-LD-A7W5,Female,81,77
TCGA-A2-A0YG,Female,81,76
TCGA-E2-A1AZ,Female,83,76
TCGA-BH-A1F2,Female,77,75
TCGA-C8-A3M8,Female,77,75
TCGA-C8-A26W,Female,77,75
TCGA-B6-A409,Female,75,75
TCGA-AO-A03R,Female,75,75
TCGA-C8-A1HK,Female,78,75
TCGA-E9-A1N9,Female,77,74
TCGA-A8-A07O,Female,76,74
TCGA-AO-A03V,Female,78,74
TCGA-A2-A04U,Female,76,73
TCGA-A1-A0SP,Female,76,73
TCGA-LL-A5YO,Female,74,73
TCGA-B6-A0RL,Female,74,73
TCGA-E9-A1R2,Female,76,72
TCGA-D8-A1Y3,Female,73,72
TCGA-AR-A1AR,Female,73,72
TCGA-D8-A1X5,Female,74,71
TCGA-AO-A1KS,Female,73,71
TCGA-A7-A2KD,Female,76,71
TCGA-D8-A143,Female,71,70
TCGA-E9-A1NF,Female,74,70
TCGA-BH-A0EB,Female,72,70
TCGA-A2-A3XX,Female,72,70
TCGA-EW-A2FR,Female,70,69
TCGA-LL-A6FR,Female,78,69
TCGA-B6-A0RU,Female,70,69
TCGA-OL-A5D6,Female,72,68
TCGA-B6-A0RT,Female,68,68
TCGA-AR-A0TZ,Female,70,67
TCGA-A2-A3XV,Female,67,67
TCGA-E2-A1B1,Female,68,67
TCGA-E2-A1LK,Female,68,67
TCGA-BH-A0DL,Female,71,67
TCGA-EW-A1PH,Female,66,66
TCGA-D8-A1JM,Female,67,66
TCGA-AR-A2LH,Female,66,66
TCGA-B6-A0IE,Female,65,65
TCGA-A8-A08G,Female,67,65
TCGA-AR-A24S,Female,71,64
TCGA-BH-A0B3,Female,66,64
TCGA-D8-A27N,Female,64,64
TCGA-AO-A0JE,Female,64,64
TCGA-AR-A5QN,Female,63,63
TCGA-E2-A1B0,Female,65,63
TCGA-C8-A12Z,Female,64,63
TCGA-A8-A08X,Female,64,63
TCGA-LL-A5YN,Female,66,63
TCGA-BH-A0DI,Female,67,62
TCGA-OL-A66I,Female,63,62
TCGA-AN-A0FW,Female,160,155
TCGA-D8-A1JL,Female,158,155
TCGA-C8-A1HJ,Female,159,153
TCGA-C8-A275,Female,155,152
TCGA-PL-A8LZ,Female,154,151
TCGA-A8-A081,Female,163,151
TCGA-AC-A23C,Female,152,150
TCGA-E9-A5FL,Female,155,149
TCGA-A8-A097,Female,157,149
TCGA-AN-A0FJ,Female,151,147
TCGA-BH-A1EV,Female,149,146
TCGA-AC-A2BK,Female,150,146
TCGA-AN-A0FT,Female,150,146
TCGA-GI-A2C8,Female,153,145
TCGA-A2-A3XT,Female,147,143
TCGA-E9-A244,Female,149,140
TCGA-D8-A1XW,Female,149,140
TCGA-A2-A04T,Female,140,139
TCGA-BH-A1FC,Female,145,138
TCGA-C8-A12Q,Female,146,138
TCGA-BH-A209,Female,150,137
TCGA-AR-A1AH,Female,140,136
TCGA-AN-A04D,Female,140,135
TCGA-BH-A0WA,Female,138,135
TCGA-E9-A22G,Female,139,134
TCGA-A2-A0D2,Female,135,134
TCGA-C8-A134,Female,137,133
TCGA-E2-A15M,Female,135,133
TCGA-B6-A0I6,Female,137,133
TCGA-AQ-A04J,Female,138,131
TCGA-E2-A9RU,Female,136,130
TCGA-D8-A1XL,Female,136,130
TCGA-BH-A1FU,Female,134,130
TCGA-A8-A07U,Female,137,129
TCGA-A2-A0D1,Female,131,129
TCGA-AN-A04C,Female,129,128
TCGA-BH-A5IZ,Female,133,127
TCGA-AN-A0FV,Female,133,126
TCGA-E9-A1RH,Female,132,126
TCGA-E2-A14P,Female,133,126
TCGA-BH-A0BW,Female,131,126
TCGA-BH-A18Q,Female,129,125
TCGA-E9-A1ND,Female,126,124
TCGA-BH-A0C0,Female,126,124
TCGA-A2-A4S3,Female,124,123
TCGA-AN-A0AL,Female,129,123
TCGA-AN-A0AJ,Female,129,123
TCGA-D8-A13Z,Female,128,123
TCGA-LL-A5YP,Female,124,122
TCGA-AC-A5XU,Female,127,122
TCGA-AR-A5QQ,Female,123,121
TCGA-Z7-A8R6,Female,124,121
TCGA-A8-A079,Female,120,118
TCGA-A2-A0D0,Female,119,116
TCGA-D8-A1XJ,Female,121,116
TCGA-A2-A0YH,Female,121,116
TCGA-E2-A14N,Female,117,115
TCGA-AO-A03O,Female,114,114
TCGA-B6-A0I9,Female,119,114
TCGA-A2-A0YM,Female,119,113
TCGA-AR-A0TS,Female,112,112
TCGA-AQ-A04H,Female,118,112
TCGA-A2-A4S1,Female,116,112
TCGA-BH-A5J0,Female,115,111
TCGA-A8-A06Z,Female,113,111
TCGA-E2-A158,Female,112,110
TCGA-A7-A6VW,Female,111,110
TCGA-HN-A2NL,Female,114,110
TCGA-A8-A075,Female,117,109
TCGA-AR-A0U1,Female,113,109
TCGA-A8-A092,Female,112,109
TCGA-B6-A0X1,Female,112,109
TCGA-AO-A0J2,Female,114,109
TCGA-C8-A12L,Female,110,107
TCGA-A8-A08P,Female,107,106
TCGA-B6-A0I1,Female,109,106
TCGA-BH-A0HX,Female,108,105
TCGA-E2-A1LS,Female,108,105
TCGA-A8-A07B,Female,108,105
TCGA-A7-A0CJ,Female,113,105
TCGA-E2-A1LL,Female,108,105
TCGA-BH-A18T,Female,111,104
TCGA-BH-A203,Female,106,103
TCGA-S3-AA0Z,Female,104,103
TCGA-A8-A06U,Female,112,102
TCGA-D8-A1XZ,Female,108,102
TCGA-E2-A14Z,Female,105,102
TCGA-A8-A06O,Female,108,102
TCGA-A2-A0CM,Female,106,102
TCGA-C8-A26V,Female,104,102
TCGA-A2-A0YJ,Female,101,101
TCGA-AC-A62X,Female,100,100
TCGA-BH-A0H7,Female,100,99
TCGA-BH-A0AV,Female,101,98
TCGA-EW-A6SB,Female,99,97
TCGA-AR-A0TP,Female,97,97
TCGA-AR-A1AI,Female,98,97
TCGA-D8-A1JJ,Female,99,97
TCGA-A1-A0SK,Female,100,96
TCGA-EW-A1P4,Female,96,96
TCGA-AN-A046,Female,"7,948","5,511"
TCGA-A8-A09Z,Female,"1,921","1,773"
TCGA-AO-A128,Female,"1,644","1,478"
TCGA-D8-A1XK,Female,"1,541","1,409"
TCGA-D8-A1XQ,Female,"1,274","1,188"
TCGA-C8-A26Y,Female,958,887
TCGA-AR-A0U0,Female,"1,125",818
TCGA-3C-AALI,Female,869,811
TCGA-PE-A5DE,Female,733,683
TCGA-AR-A0TU,Female,684,533
TCGA-E2-A10C,Female,550,513
TCGA-C8-A1HM,Female,487,460
TCGA-A1-A0SO,Female,443,428
TCGA-AR-A0TX,Female,429,417
TCGA-BH-A0DZ,Female,425,399
TCGA-A2-A0CX,Female,409,385
TCGA-LD-A74U,Female,376,362
TCGA-BH-A0BZ,Female,363,351
TCGA-A8-A06X,Female,344,327
TCGA-A2-A0EQ,Female,334,326
TCGA-A8-A08R,Female,338,326
TCGA-A8-A06Q,Female,343,323
TCGA-A2-A0EY,Female,339,314
TCGA-C8-A8HP,Female,298,286
TCGA-OL-A5RW,Female,292,285
TCGA-D8-A1JK,Female,292,281
TCGA-AR-A256,Female,285,279
TCGA-A2-A3Y0,Female,285,277
TCGA-BH-A18V,Female,280,275
TCGA-A1-A0SI,Female,274,262
TCGA-B6-A0IK,Female,277,262
TCGA-A8-A094,Female,269,259
TCGA-BH-A0W7,Female,267,259
TCGA-E9-A1NC,Female,265,259
TCGA-D8-A1J9,Female,270,257
TCGA-LL-A8F5,Female,265,254
TCGA-E2-A1IN,Female,266,250
TCGA-AC-A3W5,Female,254,248
TCGA-AC-A6IW,Female,256,246
TCGA-E2-A1LH,Female,249,243
TCGA-GM-A2DH,Female,255,242
TCGA-A7-A6VX,Female,253,240
TCGA-A2-A0T0,Female,252,240
TCGA-AR-A0U2,Female,282,235
TCGA-UU-A93S,Female,244,232
TCGA-AR-A24Q,Female,258,231
TCGA-S3-AA10,Female,234,230
TCGA-AC-A5EH,Female,230,228
TCGA-AN-A0FL,Female,234,226
TCGA-AN-A0FX,Female,239,226
TCGA-C8-A12P,Female,228,222
TCGA-B6-A0RE,Female,229,220
TCGA-AR-A251,Female,230,220
TCGA-D8-A147,Female,223,219
TCGA-BH-A0AW,Female,219,218
TCGA-LL-A73Y,Female,231,217
TCGA-A7-A56D,Female,243,216
TCGA-A8-A09Q,Female,215,211
TCGA-E2-A1LG,Female,222,210
TCGA-C8-A12T,Female,214,207
TCGA-A7-A0DA,Female,212,204
TCGA-AN-A0XN,Female,214,204
TCGA-B6-A0RS,Female,207,202
TCGA-A2-A04P,Female,205,199
TCGA-BH-A0BP,Female,208,198
TCGA-AO-A124,Female,213,197
TCGA-BH-A0EE,Female,209,194
TCGA-E2-A159,Female,210,194
TCGA-C8-A27B,Female,201,191
TCGA-A7-A0CE,Female,200,190
TCGA-A8-A07W,Female,196,190
TCGA-EW-A1PB,Female,192,190
TCGA-A2-A04W,Female,198,189
TCGA-E9-A1RF,Female,190,187
TCGA-C8-A12K,Female,191,185
TCGA-D8-A1JG,Female,184,182
TCGA-GM-A3XL,Female,185,182
TCGA-AN-A0AR,Female,186,181
TCGA-AO-A0J4,Female,185,181
TCGA-B6-A0IJ,Female,182,180
TCGA-E2-A152,Female,189,180
TCGA-AO-A0JB,Female,192,179
TCGA-A7-A4SE,Female,188,179
TCGA-E2-A14R,Female,184,176
TCGA-A8-A09N,Female,179,176
TCGA-A2-A0CL,Female,178,175
TCGA-A7-A13D,Female,178,175
TCGA-E2-A574,Female,176,174
TCGA-PL-A8LV,Female,176,173
TCGA-AC-A8OQ,Female,176,172
TCGA-AN-A0XU,Female,175,172
TCGA-BH-A18U,Female,178,171
TCGA-OL-A5RZ,Female,183,171
TCGA-D8-A142,Female,179,171
TCGA-A7-A6VY,Female,172,169
TCGA-BH-A1FN,Female,169,164
TCGA-AO-A0JD,Female,166,160
TCGA-E9-A22E,Female,165,158
TCGA-AO-A0J6,Female,160,157
TCGA-GM-A2DB,Female,164,156
